microsim;microsimulation
microsimmodel;microsimulation model
spatialmicrosimmodel;spatial microsimulation model
urbanmicrosimmodel;urban microsimulation model
transportmicrosimmodel;transport microsimulation model
lutimodel;land use transport interaction model
urbanabm;urban agent based model
spatintmodel;spatial interaction model
spatintabm;spatial interaction agent based model
geosimulation;geosimulation
urbangeosimulation;urban geosimulation
urbanca;urban cellular automata
urbgrowthmodel;urban growth model
urbanlandusechangemodel;urban land use change model
urbanlandusemodel;urban land use model
